hanzi,pinyin,english,lists
一,yī,one; single; a (article),hsk1;tocfl1
一下,yí xià,(after a verb) a bit; a little; all at once,hsk1
一些,yī xiē,some; a few; a little,hsk1;tocfl2
一共,yí gòng,in total; altogether,hsk3
一半,yī bàn,half,hsk1;tocfl3
一定,yī dìng,surely; certainly; necessarily,hsk3;tocfl3
一樣,yī yàng,same; like; equal to,hsk3;tocfl2
一直,yì zhí,straight (in a straight line); continuously; always,hsk3
一般,yì bān,same; ordinary; so-so,hsk3
一起,yī qǐ,in the same place; together; with,hsk2;tocfl2
一邊,yì biān,one side; either side; on the one hand,hsk3
一點,yī diǎn,a bit; a little; one dot,tocfl2
七,qī,seven,hsk1;tocfl1
丈夫,zhàng fu,husband,hsk2
三,sān,three,hsk1;tocfl1
上,shàng,up; upper; above,hsk1
上來,shàng lái,to come up; to approach,hsk2
上午,shàng wǔ,morning,hsk1;tocfl1
上去,shàng qù,to go up,hsk2
上學,shàng xué,to go to school; to attend school,hsk1;tocfl3
上班,shàng bān,to go to work; to be on duty; to start work,hsk1;tocfl3
上網,shàng wǎng,to go online; to connect to the Internet,hsk2;tocfl3
上衣,shàng yī,jacket; upper outer garment,hsk3
上課,shàng kè,to go to class; to attend class; to go to teach a class,hsk1;tocfl1
上面,shàng miàn,on top of; above-mentioned; also pr. [shang4 mian5],hsk2
下,xià,down; downwards; below,hsk1
下來,xià lái,to come down; (completed action marker); to be harvested (of crops),hsk2
下午,xià wǔ,afternoon; p.m,hsk1;tocfl1
下去,xià qù,to go down; to descend; to go on,hsk2
下班,xià bān,"to finish work; to get off work; next service (train, bus etc)",hsk1
下課,xià kè,to finish class; to get out of class; to be fired,hsk1;tocfl2
下雨,xià yǔ,to rain,hsk1;tocfl3
下雪,xià xuě,to snow,tocfl3
下麵,xià miàn,below; under; next,hsk2
不,bù,no; not so; not,hsk1
不久,bù jiǔ,not long (after); before too long; soon,hsk3
不但,bú dàn,not only ( but also ),hsk3
不同,bù tóng,different; distinct; not the same,hsk3
不好意思,bù hǎo yì si,to feel embarrassed; to find it embarrassing; to be sorry (for inconveniencing sb),hsk2
不客氣,bù kè qì,you're welcome; don't mention it; impolite,hsk1;tocfl3
不用,bú yòng,need not,hsk3
不行,bù xíng,won't do; be out of the question; be no good,hsk3
不要,bú yào,don't!; must not,hsk1
不見,bú jiàn,not to see; not to meet; to have disappeared,hsk3
不錯,bù cuò,correct; right; not bad,hsk2;tocfl3
世界,shì jiè,world,hsk3
丟,diū,to lose; to put aside; to throw,hsk3
中,zhōng,middle,hsk3
中午,zhōng wǔ,noon; midday,hsk1;tocfl1
中國,zhōng guó,China,hsk1;tocfl1
中學,zhōng xué,middle school,hsk1;tocfl2
中學生,zhōng xué shēng,middle-school student; high school student,hsk1
中文,zhōng wén,Chinese language,hsk1
中間,zhōng jiān,the middle; the inside; in the middle,hsk3;tocfl2
主要,zhǔ yào,main; principal; major,hsk3
久,jiǔ,(of a period of time) long,hsk3;tocfl3
九,jiǔ,nine,hsk1;tocfl1
也,yě,also; too; as well,hsk1;tocfl1
乾淨,gān jìng,clean; neat,hsk3
了,le,(completed action marker); to finish; to achieve,tocfl1
事,shì,matter; thing; item,hsk1
事情,shì qing,affair; matter; thing,hsk2
二,èr,two,hsk1;tocfl1
五,wǔ,five,hsk1;tocfl1
些,xiē,"classifier indicating a small amount or small number greater than 1: some, a few, several",hsk1
人,rén,person,hsk1;tocfl1
什麼,shén me,what?; something; anything,hsk1;tocfl1
今天,jīn tiān,today; the present time; now,hsk1;tocfl1
今年,jīn nián,this year,hsk1;tocfl1
介紹,jiè shào,to introduce (sb to sb); to give a presentation; to present (sb for a job etc),hsk2;tocfl2
他,tā,(third-person singular) he; him; his,hsk1;tocfl1
他們,tā men,they; them,hsk1;tocfl1
以上,yǐ shàng,that level or higher; that amount or more; the above-mentioned,hsk3
以下,yǐ xià,that level or lower; that amount or less; the following,hsk3
以前,yǐ qián,before,hsk3;tocfl1
以外,yǐ wài,apart from; other than; except for,hsk3
以後,yǐ hòu,after; later; afterwards,hsk3;tocfl1
以為,yǐ wéi,to think; to believe,hsk3
件,jiàn,"item; component; classifier for events, things, clothes etc",hsk1;tocfl2
休假,xiū jià,to go on vacation; to have a holiday; to take leave,hsk3
休息,xiū xí,rest; to rest,hsk1;tocfl3
但,dàn,but; yet; however,hsk2
但是,dàn shì,but; however,hsk2
位,wèi,position; location; place,hsk2
住,zhù,to live; to dwell; to stay,hsk1;tocfl1
住院,zhù yuàn,to stay in hospital; to be hospitalized,hsk3
作業,zuò yè,school assignment; homework; work,hsk3;tocfl3
你,nǐ,you,tocfl1
你們,nǐ men,you (plural),hsk1;tocfl1
你好,nǐ hǎo,hello; hi,hsk1
來,lái,to come,hsk1;tocfl1
來自,lái zì,to come from (a place); From: (in email header),hsk3
便宜,pián yi,convenient,hsk1;tocfl1
信,xìn,letter; mail; to trust,hsk3;tocfl2
信封,xìn fēng,envelope,tocfl3
信用卡,xìn yòng kǎ,credit card,hsk3
個,ge,individual; this; that,tocfl1
個子,gè zi,stature; height; size (of a person or object),hsk2
們,men,"plural marker for pronouns, and nouns referring to individuals",hsk1
假期,jià qī,vacation,hsk3
做,zuò,to make; to produce; to write,hsk1;tocfl1
做客,zuò kè,to be a guest or visitor,hsk3
做飯,zuò fàn,to prepare a meal; to cook,hsk1
健康,jiàn kāng,health; healthy,hsk3;tocfl3
像,xiàng,to resemble; to be like; to look as if,hsk3
元,yuán,currency unit (esp. Chinese yuan); first; original,hsk1;tocfl2
先,xiān,beforehand; first; earlier,hsk3
先生,xiān shēng,Mister (Mr.); teacher; husband,hsk1;tocfl2
兒子,ér zi,son,hsk1;tocfl2
兩,liǎng,two; both; some,hsk1;tocfl1
八,bā,eight,hsk1;tocfl1
公交車,gōng jiāo chē,public transport vehicle; town bus,hsk2
公共汽車,gōng gòng qì chē,bus; 班,tocfl1
公司,gōng sī,company; firm; corporation,hsk1;tocfl2
公園,gōng yuán,park (for public recreation),hsk3;tocfl3
公斤,gōng jīn,kilogram (kg),hsk3;tocfl3
六,liù,six,hsk1;tocfl1
其他,qí tā,other; (sth or sb) else; the rest,hsk3
其實,qí shí,actually; in fact; really,hsk3
再,zài,again; once more; re-,hsk1;tocfl1
再見,zài jiàn,goodbye; see you again later,hsk1;tocfl1
冬天,dōng tiān,winter,hsk3;tocfl3
冰激凌,bīng jī líng,ice cream,hsk3
冰箱,bīng xiāng,refrigerator; (old) icebox,hsk3
冷,lěng,cold,hsk1;tocfl2
冷氣,lěng qì,air conditioning (Tw),tocfl3
出來,chū lái,to come out; to appear; to arise,hsk2
出去,chū qù,to go out,hsk2;tocfl2
出國,chū guó,to go abroad; to leave the country,hsk2
出生,chū shēng,to be born,hsk3
出發,chū fā,to set off; to start (on a journey),hsk3
出租車,chū zū chē,taxi; (Tw) rental car,hsk1
出門,chū mén,to go out; to leave home; to go on a journey,hsk2
出院,chū yuàn,to leave hospital; to be discharged from hospital,hsk3
分,fēn,to divide; to separate; to distribute,hsk1;hsk3;tocfl1
分鐘,fēn zhōng,minute,hsk1;tocfl3
分開,fēn kāi,to separate; to part,hsk3
初中,chū zhōng,junior high school,hsk3
別人,bié rén,other people; others; other person,hsk3
別的,bié de,else; other,hsk3
到,dào,to reach; to arrive; to leave for,hsk1;tocfl1
到處,dào chù,everywhere,hsk3
刷,shuā,a brush; to paint; to daub,hsk3
刻,kè,quarter (hour); moment; to carve,hsk3
前,qián,front; forward; ahead,hsk1
前天,qián tiān,the day before yesterday,hsk3
前年,qián nián,the year before last,hsk3
前面,qián miàn,ahead; in front; preceding,hsk2
剛,gāng,hard; firm; strong,hsk3
剛剛,gāng gāng,just recently; just a moment ago,hsk3
剛纔,gāng cái,just now; a moment ago; just now,hsk3
功課,gōng kè,homework; assignment; task,tocfl3
加,jiā,to add; (math.) plus; to increase,hsk3
努力,nǔ lì,to make an effort; to try hard; to strive,hsk3
動,dòng,(of sth) to move; to set in movement; to displace,hsk2
動物,dòng wù,animal,hsk3
動物園,dòng wù yuán,zoo,hsk3
勺子,sháo zi,spoon; ladle,hsk3
包,bāo,bag,hsk2
包子,bāo zi,baozi; bao (steamed stuffed bun),hsk1;tocfl3
北,běi,north; (classical) to be defeated,hsk3
北方,běi fāng,north; the northern part a country; China north of the Yellow River,hsk3
十,shí,ten,hsk1;tocfl1
十字路口,shí zì lù kǒu,crossroads; intersection,tocfl3
千,qiān,thousand; see 鞦韆|秋千[qiu1 qian1],tocfl3
午飯,wǔ fàn,lunch,hsk1
半,bàn,half; semi-; incomplete,hsk1;tocfl1
半天,bàn tiān,half of the day; a long time; quite a while,hsk3
南,nán,south,hsk3
南方,nán fāng,south; southern direction,hsk3
卡,kǎ,to stop; to block; (computing) slow,hsk3
去,qù,to go,hsk1;tocfl1
去年,qù nián,last year,hsk1;tocfl2
參加,cān jiā,to participate; to take part; to join,hsk3;tocfl2
參觀,cān guān,to look around; to tour; to visit,tocfl3
又,yòu,(once) again; also; both and,hsk3
叔叔,shū shu,father's younger brother; paternal uncle,hsk3
受,shòu,to receive; to accept; to suffer,hsk3
受傷,shòu shāng,to sustain injuries; wounded (in an accident etc); harmed,tocfl3
受到,shòu dào,to receive; to be ed,hsk3
口,kǒu,mouth,hsk1
句,jù,sentence; clause; phrase,hsk3
句子,jù zi,sentence,hsk3;tocfl3
只,zhǐ,only; merely; just,tocfl1
只是,zhǐ shì,merely; only; just,hsk3
只有,zhǐ yǒu,only have; there is only; it is only if (that one can ),hsk3
只能,zhǐ néng,can only; obliged to do sth; to have no other choice,hsk3
只要,zhǐ yào,so long as; provided; if,hsk3
叫,jiào,to shout; to call; to order,tocfl1
可,kě,(prefix) can; may; able to,hsk3
可以,kě yǐ,can; may; possible,hsk1;tocfl1
可愛,kě ài,adorable; cute; lovely,hsk3;tocfl3
可是,kě shì,but; however; (used for emphasis) indeed,hsk3;tocfl1
可能,kě néng,might (happen); possible; probable,hsk2;tocfl2
台灣,tái wān,variant of 臺灣|台湾[Tai2 wan1],tocfl1
右,yòu,right; right-hand side; (politics) right of center,hsk2
右邊,yòu biān,right side; right; to the right,hsk2;tocfl2
司機,sī jī,chauffeur; driver,hsk3;tocfl3
吃,chī,to eat,tocfl1
合適,hé shì,suitable; fitting; appropriate,hsk3
同事,tóng shì,colleague; co-worker,hsk3;tocfl3
同學,tóng xué,to study at the same school; fellow student; classmate,hsk1
同意,tóng yì,to agree; to consent; to approve,hsk3
名,míng,name; noun (part of speech); place (e.g. among winners),hsk2
名人,míng rén,personage; celebrity,hsk3
名單,míng dān,list of names,hsk3
名字,míng zi,name (of a person or thing),hsk1;tocfl1
吧,ba,right?; OK?; I presume,hsk1;tocfl1
告訴,gào su,to press charges; to file a complaint,hsk2
呌,jiào,to shout; to call; to order,hsk1
呢,ne,particle indicating strong affirmation,hsk1;tocfl1
和,hé,"Japanese (food, clothes etc); and; together with",tocfl2
咖啡,kā fēi,(loanword) coffee,hsk2;tocfl2
咱們,zán men,I or me; (in a coaxing or familiar way) you; also pr. [za2 men5],hsk3
員,yuán,person engaged in a certain field of activity; member; classifier for military generals,hsk3
哥哥,gē ge,older brother,hsk1;tocfl1
哪,nǎ,how; which,hsk1;tocfl2
哪些,nǎ xiē,which ones?; who?; what?,hsk1
哪個,nǎ ge,which; who,hsk1
哪裡,nǎ lǐ,where?; somewhere; anywhere,hsk1;tocfl2
哭,kū,to cry; to weep,hsk3
唱,chàng,to sing,hsk1
唱歌,chàng gē,to sing a song,tocfl2
商場,shāng chǎng,shopping mall; shopping center; department store,hsk2
商店,shāng diàn,store; shop,hsk1;tocfl3
啊,a,"modal particle ending sentence, showing affirmation, approval, or consent",hsk2
問,wèn,to ask; to inquire,hsk1;tocfl1
問題,wèn tí,question; problem; issue,hsk1;tocfl2
啤酒,pí jiǔ,beer (loanword),hsk3
喂,wéi,hello (when answering the phone); hey; to feed (an animal,tocfl2
喜愛,xǐ ài,to like; to love; to be fond of,hsk3
喜歡,xǐ huān,to like; to be fond of,hsk1;tocfl1
喝,hē,to drink,hsk1;tocfl2
喫,chī,to eat; to consume; to eat at (a cafeteria etc),hsk1
嗎,ma,see 嗎啡|吗啡; morphine,hsk1;tocfl1
嘴,zuǐ,mouth; beak; nozzle,hsk3
四,sì,four,hsk1;tocfl1
四季,sì jì,"four seasons, namely: spring 春, summer 夏, autumn 秋 and winter 冬",hsk3
回,huí,to circle; to go back; to turn around,tocfl1
回來,huí lái,to return; to come back,hsk2
回去,huí qù,to return; to go back,hsk2
回答,huí dá,to reply; to answer; reply,hsk3;tocfl3
因為,yīn wèi,because; owing to; on account of,hsk2;tocfl2
國,guó,country; nation; state,hsk1
國家,guó jiā,country; nation; state,hsk3;tocfl3
園,yuán,land used for growing plants; site used for public recreation,hsk3
圖書館,tú shū guǎn,library,hsk3;tocfl2
圖片,tú piàn,image; picture; photograph,tocfl3
在,zài,to exist; to be alive; (of sb or sth) to be (located) at,hsk1
地,de,-ly,hsk2
地,dì,earth; ground; field,hsk3
地圖,dì tú,map,hsk3;tocfl3
地方,dì fāng,region; regional; local,hsk3;tocfl2
地鐵,dì tiě,underground railway; subway; subway train,hsk2;tocfl2
地點,dì diǎn,place; site; location,hsk3
坐,zuò,to sit,hsk1;tocfl1
城市,chéng shì,city; town,hsk3;tocfl3
堅持,jiān chí,to persevere with; to persist in; to insist on,hsk3
報紙,bào zhǐ,newspaper; newsprint,hsk3;tocfl3
塊,kuài,lump; chunk; piece,hsk1;tocfl1
壞,huài,bad; spoiled; broken,hsk2;tocfl3
夏天,xià tiān,summer,hsk3;tocfl3
外,wài,outside; in addition; foreign,hsk1;tocfl2
外國,wài guó,foreign country,hsk2
外地,wài dì,parts of the country other than where one is,hsk3
外語,wài yǔ,foreign language,hsk3
外賣,wài mài,takeout (business); takeout (meal),hsk3
外邊,wài bian,outside; outer surface; abroad,hsk1
外面,wài miàn,outside; surface; exterior,hsk2
多,duō,many,hsk1;hsk2
多少,duō shǎo,number; amount; somewhat,hsk1;tocfl1
大,dà,big,hsk1
大人,dà ren,adult; grownup; title of respect toward superiors,hsk3
大學,dà xué,"the Great Learning, one of the Four Books 四書|四书[Si4 shu1] in Confucianism",hsk1;tocfl1
大學生,dà xué shēng,university student; college student,hsk1
大家,dà jiā,everyone; influential family; great expert,hsk1;tocfl2
大小,dà xiǎo,large and small; size; adults and children,hsk3
大概,dà gài,roughly; probably; rough,hsk3
大熊貓,dà xióng māo,giant panda (Ailuropoda melanoleuca),hsk3
大衣,dà yī,overcoat; topcoat; cloak,hsk3
天,tiān,"sky, day",hsk1
天氣,tiān qì,weather,hsk1;tocfl2
太,tài,highest; greatest; too (much),hsk1
太太,tài tai,married woman; Mrs; Madam,tocfl2
太陽,tài yáng,sun; sunlight; sunshine,hsk3;tocfl3
夫妻,fū qī,husband and wife; married couple,hsk3
奇怪,qí guài,strange; odd; to marvel,hsk3
女,nǚ,female,hsk1;tocfl2
女人,nǚ rén,woman,hsk3
女兒,nǚ ér,daughter,hsk1;tocfl2
女士,nǚ shì,lady; madam; Miss,hsk1
女朋友,nǚ péng you,girlfriend,hsk1
女生,nǚ shēng,schoolgirl; female student; girl,hsk3;tocfl3
奶奶,nǎi nai,(informal) grandma (paternal grandmother); (respectful) mistress of the house; boobies,hsk2
奶茶,nǎi chá,milk tea,hsk2
她,tā,she,hsk1
她們,tā men,they; them (females),hsk1
好,hǎo,good,hsk1;hsk2;tocfl1
好久,hǎo jiǔ,quite a while,hsk3
好像,hǎo xiàng,as if; to seem like,hsk3
好吃,hǎo chī,tasty; delicious,hsk1;tocfl2
好多,hǎo duō,many; quite a lot; much better,hsk3
好看,hǎo kàn,"good-looking; nice-looking; (of a movie, book, TV show etc) good",hsk1;tocfl2
好聽,hǎo tīng,pleasant to hear,hsk1
如果,rú guǒ,if; in case; in the event that,hsk3
妳,nǐ,you; you,hsk1
妹妹,mèi mei,younger sister; young woman,hsk1;tocfl1
妻子,qī zi,wife and children,hsk2
姊姊,jiě jie,older sister; Taiwan pr. [jie3 jie5],tocfl1
姐妹,jiě mèi,"sisters; siblings; sister (school, city etc)",hsk3
姐姐,jiě jie,older sister,hsk1
姓,xìng,family name; to be surnamed; surname,hsk2;tocfl1
姓名,xìng míng,full name; surname and given name,hsk2;tocfl3
媽媽,mā ma,mama; mommy; mother,hsk1;tocfl1
子,zi,"noun suffix, as in 椅子[yi3 zi5] 'chair'",hsk3
字,zì,letter; symbol; character,hsk1
字典,zì diǎn,Chinese character dictionary; dictionary,hsk3
季,jì,season; the last month of a season; fourth or youngest amongst brothers,hsk3
季節,jì jié,time; season; period,hsk3
孩子,hái zi,child,hsk1;tocfl2
學,xué,to study,hsk1
學期,xué qī,term; semester,hsk3
學校,xué xiào,school,hsk1;tocfl1
學生,xué shēng,student; schoolchild,hsk1;tocfl1
學習,xué xí,to learn; to study,hsk1;tocfl2
它們,tā men,they; them,hsk1
安全,ān quán,safe; secure; safety,hsk3
安靜,ān jìng,quiet; peaceful; calm,hsk3;tocfl3
完,wán,to finish; to be over; whole,hsk2
完成,wán chéng,to complete; to accomplish,hsk3
客人,kè rén,visitor; guest; customer,hsk3
客廳,kè tīng,drawing room (room for arriving guests); living room,tocfl2
室,shì,room; work unit; grave,hsk3
害怕,hài pà,to be afraid; to be scared,hsk3
家,jiā,home,hsk1;hsk3;tocfl1
家人,jiā rén,family member; (old) servant,hsk1;tocfl3
家具,jiā jù,furniture; 套,tocfl3
容易,róng yì,easy; straightforward; likely,hsk3;tocfl1
寄,jì,to send; to mail; to entrust,tocfl3
寫,xiě,to write,hsk1;tocfl1
封,fēng,to confer; to grant; to bestow a title,hsk3
對,duì,correct,hsk1
對不起,duì bu qǐ,I'm sorry; excuse me; I beg your pardon,hsk1;tocfl1
對話,duì huà,to talk (with sb); dialogue; conversation,hsk3
對面,duì miàn,(sitting) opposite; across (the street); directly in front,tocfl3
小,xiǎo,small,hsk1;tocfl1
小區,xiǎo qū,housing estate; community; neighborhood,hsk3
小姐,xiǎo jiě,young lady; miss; (slang) prostitute,tocfl2
小孩,xiǎo hái,child,tocfl3
小學,xiǎo xué,elementary school; primary school,hsk1;tocfl3
小學生,xiǎo xué shēng,primary school student; schoolchild; (fig.) beginner,hsk1
小心,xiǎo xīn,to be careful; to take care,hsk3;tocfl3
小時,xiǎo shí,hour,hsk1;tocfl3
小時候,xiǎo shí hou,in one's childhood,hsk2
小朋友,xiǎo péng yǒu,child; kid,hsk1
少,shǎo,few; less; to lack,hsk1
就,jiù,(after a suppositional clause) in that case; then; (after a clause of action) as soon as,hsk2
屋子,wū zi,house; room,hsk3
層,céng,to pile on top of one another; layer; stratum,hsk3
山,shān,mountain,hsk3;tocfl2
工人,gōng rén,worker; 名,tocfl3
工作,gōng zuò,to work; (of a machine) to operate; job,hsk1;tocfl2
工作日,gōng zuò rì,workday; working day; weekday,hsk3
工廠,gōng chǎng,factory; 座,tocfl3
左,zuǒ,left; the Left (politics); east,hsk2
左邊,zuǒ biān,left; the left side; to the left of,hsk2;tocfl2
巧克力,qiǎo kè lì,chocolate (loanword),tocfl3
差,chà,different; wrong; mistaken,hsk3
差不多,chà bu duō,almost; nearly; more or less,hsk3
已經,yǐ jīng,already,hsk2
市,shì,market; city; municipality (administrative unit),hsk3
市場,shì chǎng,marketplace; market (also in abstract),tocfl2
希望,xī wàng,to hope; a hope; a wish,hsk2;tocfl3
帶,dài,band; belt; girdle,hsk3;tocfl2
常,cháng,always; ever; often,hsk3
常常,cháng cháng,frequently; often,hsk3;tocfl2
常用,cháng yòng,in common usage,hsk3
常見,cháng jiàn,commonly seen; common; to see sth frequently,hsk3
幫,bāng,old variant of 幫|帮; old variant of 幫|帮; to help,hsk2
幫助,bāng zhù,assistance; aid; to help,hsk3
幫忙,bāng máng,to help; to lend a hand; to do a favor,hsk2;tocfl3
平時,píng shí,ordinarily; in normal times; in peacetime,hsk3
年級,nián jí,"grade; year (in school, college etc)",hsk3;tocfl2
年輕,nián qīng,young,hsk3;tocfl3
幹,gàn,tree trunk; main part of sth; to manage,hsk3
幾,jǐ,how much; how many; several,hsk1;tocfl1
幾乎,jī hū,almost; nearly; practically,hsk3
店,diàn,inn; old-style hotel; shop,hsk1
廚房,chú fáng,kitchen,tocfl3
弟弟,dì di,younger brother,hsk1;tocfl1
張,zhāng,to open up; to spread; sheet of paper,hsk3;tocfl2
彆,bié,to leave; to part (from); to differentiate,hsk2
影響,yǐng xiǎng,influence; effect; to influence,hsk3
往,wǎng,to go (in a direction); to; towards,tocfl2
徃,wǎng,to go (in a direction); to; towards,hsk2
很,hěn,very; quite,hsk1;tocfl1
後,hòu,empress; queen; (archaic) monarch,hsk1
後來,hòu lái,afterwards; later; newly arrived,hsk3
後天,hòu tiān,the day after tomorrow; life after birth; acquired (not innate or congenital),hsk3
後年,hòu nián,the year after next,hsk3
後面,hòu miàn,the back; the rear; the last bit,hsk2
得,de,"structural particle: used after a verb (or adjective as main verb), linking it to following phrase indicating effect, degree, possibility etc",hsk2
得,děi,to have to; must; ought to,hsk3
得分,dé fēn,"to score a point (in a competition, test etc); score; rating",hsk3
得到,dé dào,to get; to obtain; to receive,hsk3
從,cóng,variant of 從|从; from; through,hsk2;tocfl2
從小,cóng xiǎo,from childhood; from a young age,hsk2
心裡,xīn lǐ,chest; heart; mind,hsk3
必須,bì xū,to have to; must; compulsory,hsk3
忘,wàng,to forget; to overlook; to neglect,hsk2
忘記,wàng jì,to forget,hsk3
忙,máng,busy,hsk1;tocfl1
快,kuài,fast,hsk2
快樂,kuài lè,happy; joyful,hsk2;tocfl2
快要,kuài yào,nearly at the point of (doing sth); about to (do sth),hsk2
怎樣,zěn yàng,how; what kind,hsk3
怎麼,zěn me,how?; what?; why?,tocfl2
怎麼樣,zěn me yàng,how?; how about?; how was it?,hsk1;tocfl1
怎麼辦,zěn me bàn,what's to be done,hsk3
怎麽,zěn me,how?; what?; why?,hsk1
怕,pà,to be afraid; to fear; to dread,hsk3
急,jí,urgent; pressing; rapid,hsk3
您,nín,you,hsk1;tocfl1
想,xiǎng,to think,hsk1;tocfl1
意思,yì si,idea; opinion; meaning,hsk2;tocfl2
愛,ài,to love; to be fond of; to like,hsk1;tocfl2
愛人,ài ren,spouse (PRC); lover (non-PRC),hsk3
愛好,ài hào,to like; to be fond of; to take pleasure in,hsk2
感冒,gǎn mào,to catch cold; (common) cold; (Tw) to detest,hsk3;tocfl3
感到,gǎn dào,to feel; to sense; to perceive,hsk3
感興趣,gǎn xìng qù,to be interested,hsk3
慢,màn,slow,hsk2;tocfl2
懂,dǒng,to understand; to comprehend,hsk2;tocfl2
懂得,dǒng de,to understand; to know; to comprehend,hsk3
應該,yīng gāi,ought to; should; must,hsk3
成績,chéng jì,achievement; performance records; grades,hsk3
我,wǒ,"I, me",hsk1;tocfl1
我們,wǒ men,we; us; ourselves,hsk1;tocfl1
或,huò,maybe; perhaps; might,hsk3
或者,huò zhě,or; possibly; maybe,hsk3
房子,fáng zi,house; building (single- or two-story); apartment,hsk3;tocfl2
房間,fáng jiān,room,hsk1;tocfl3
所以,suǒ yǐ,therefore; as a result; so,hsk2;tocfl2
手,shǒu,hand,hsk2
手指,shǒu zhǐ,finger; 隻|只,tocfl3
手機,shǒu jī,cell phone; mobile phone,hsk1;tocfl2
手錶,shǒu biǎo,wristwatch,hsk2
打,dǎ,to hit; to strike; to fight,hsk2
打掃,dǎ sǎo,to clean; to sweep,hsk3
打算,dǎ suàn,to plan; to intend; to calculate,hsk3
打車,dǎ chē,to take a taxi (in town); to hitch a lift,hsk2
打開,dǎ kāi,to open; to show (a ticket); to turn on,hsk2
打電話,dǎ diàn huà,to make a telephone call,hsk1;tocfl1
找,zhǎo,to try to find; to look for; to call on sb,hsk1;tocfl1
把,bǎ,handle,hsk3
拍照,pāi zhào,to take a picture,hsk3
拿,ná,old variant of 拿; variant of 拿; to hold,hsk2;tocfl2
挺,tǐng,straight; erect; to stick out (a part of the body),hsk3
掃,sǎo,to sweep (with a brush or broom); to sweep away; to wipe out,hsk3
接,jiē,to receive; to answer (the phone); to meet or welcome sb,hsk3;tocfl3
提高,tí gāo,to raise; to increase; to improve,hsk3
換,huàn,to exchange; to change (clothes etc); to substitute,hsk3;tocfl2
搬,bān,to move (i.e. relocate oneself); to move (sth relatively heavy or bulky); to shift,hsk3
搬家,bān jiā,to move house; to relocate; to remove (sth),hsk3
擔心,dān xīn,anxious; worried; uneasy,hsk3
收,shōu,to receive; to accept; to collect,hsk3
收到,shōu dào,to receive,hsk3
放,fàng,to put; to place; to release,hsk3;tocfl2
放假,fàng jià,to have a holiday or vacation,hsk3
放學,fàng xué,to dismiss students at the end of the school day,hsk3
放心,fàng xīn,to feel relieved; to feel reassured; to be at ease,hsk3
故事,gù shi,old practice,hsk3
教,jiāo,to teach; to instruct,hsk2
教室,jiào shì,classroom,hsk2;tocfl3
數學,shù xué,mathematics,hsk3;tocfl2
文化,wén huà,culture; civilization; cultural,hsk3
斤,jīn,catty; (PRC) weight equal to 500 g; (Tw) weight equal to 600 g,hsk3
新,xīn,new; newly; meso- (chemistry),hsk1;tocfl2
新年,xīn nián,New Year,hsk3;tocfl3
新聞,xīn wén,news,hsk3
新鮮,xīn xiān,"fresh (experience, food etc); freshness; novel",hsk3
方便,fāng biàn,convenient; suitable; to facilitate,hsk3;tocfl2
方便麵,fāng biàn miàn,instant noodles,hsk3
方向,fāng xiàng,direction; orientation,hsk3
方法,fāng fǎ,method; way; technique,hsk3
旁邊,páng biān,side; adjacent place,hsk2;tocfl2
旅行,lǚ xíng,to travel; journey; trip,tocfl3
旅遊,lǚ yóu,trip; journey; tourism,hsk2
旅館,lǚ guǎn,hotel,tocfl3
日,rì,"sun; day; date, day of the month",hsk1
日本,rì běn,Japan; Japanese,tocfl1
早,zǎo,early,hsk1
早上,zǎo shang,early morning,hsk1;tocfl1
早飯,zǎo fàn,breakfast,hsk1
明天,míng tiān,tomorrow,hsk1;tocfl1
明年,míng nián,next year,hsk1;tocfl2
明白,míng bai,clear; obvious; unequivocal,hsk3
星期,xīng qí,week; day of the week; Sunday,hsk1;tocfl2
星期天,xīng qí tiān,Sunday,hsk1;tocfl2
星期日,xīng qī rì,Sunday,hsk1
春天,chūn tiān,spring (season),hsk3;tocfl3
昨天,zuó tiān,yesterday,hsk1;tocfl1
是,shì,to be,tocfl1
昰,shì,to be (followed by substantives only); correct; right,hsk1
時,shí,old variant of 時|时; o'clock; time,hsk2
時候,shí hòu,time; length of time; moment,hsk1;tocfl1
時間,shí jiān,(concept of) time; (duration of) time; (point in) time,hsk1
晚,wǎn,evening; night; late,hsk1
晚上,wǎn shang,evening; night; in the evening,hsk1;tocfl1
晚會,wǎn huì,evening party,hsk3;tocfl3
晚飯,wǎn fàn,evening meal; dinner; supper,hsk1
晚點,wǎn diǎn,(of trains etc) late; delayed; behind schedule,hsk3
晴,qíng,clear; fine (weather),hsk2
曏,xiàng,towards; to face; to turn towards,hsk3
更,gèng,more; even more; further,hsk3
書,shū,book,hsk1;tocfl1
書包,shū bāo,schoolbag; satchel; bookbag,hsk2
書店,shū diàn,bookstore,hsk1
最,zuì,variant of 最; old variant of 最; (the) most,hsk2
最好,zuì hǎo,best; had better; it would be best to,hsk3
最後,zuì hòu,final; last; ultimate,hsk3
最近,zuì jìn,recently; soon; nearest,hsk3
會,huì,"can, will",hsk1;hsk3;tocfl2
會議,huì yì,meeting; conference,hsk3
月,yuè,"moon, month",hsk1;tocfl2
月亮,yuè liang,the moon,hsk3
有,yǒu,to have,hsk1;tocfl1
有些,yǒu xiē,some; somewhat,hsk1;hsk3
有名,yǒu míng,famous; well-known,hsk3
有意思,yǒu yì si,interesting; meaningful; enjoyable,hsk2
有時,yǒu shí,sometimes; now and then,hsk2
有時候,yǒu shí hou,sometimes,hsk2;tocfl3
有用,yǒu yòng,useful,hsk3
有的,yǒu de,(there are) some (who are); some (exist),hsk1
有趣,yǒu qù,interesting; fascinating; amusing,tocfl2
有關,yǒu guān,to have sth to do with; to relate to; related to,hsk3
朋友,péng yǒu,friend; 位,hsk1;tocfl1
服務,fú wù,to serve; service,hsk3
本,běn,root; stem; origin,hsk1
本子,běn zi,book; notebook; edition,hsk2
杯,bēi,cup,tocfl2
杯子,bēi zi,cup; glass,hsk1;tocfl3
東,dōng,east,hsk3
東北,dōng běi,Northeast China; Manchuria,hsk3
東南,dōng nán,southeast,hsk3
東方,dōng fāng,the East; the Orient; two-character surname Dongfang,hsk3
東西,dōng xi,east and west,hsk1;tocfl1
果汁,guǒ zhī,fruit juice,tocfl3
查,chá,to research; to check; to investigate,hsk3
校園,xiào yuán,campus,hsk3
校長,xiào zhǎng,"(college, university) president; headmaster",hsk3
根據,gēn jù,according to; based on; basis,hsk3
桌,zhuō,table; desk; old variant of 桌,tocfl3
桌子,zhuō zi,table; desk,hsk1
條,tiáo,strip; item; article,hsk2
棒球,bàng qiú,baseball; 隻|只,tocfl3
椅子,yǐ zi,chair,hsk1;tocfl3
極,jí,"extremely; pole (geography, physics); utmost",hsk3
樓,lóu,house with more than 1 story; storied building; floor,hsk2;tocfl3
樓上,lóu shàng,upstairs,tocfl3
樓下,lóu xià,downstairs,tocfl3
樓梯,lóu tī,stair; staircase,hsk3
樹,shù,tree,hsk3;tocfl2
機場,jī chǎng,airport; airfield,hsk2
機會,jī huì,opportunity; chance; occasion,hsk3
機票,jī piào,plane ticket; airline ticket,hsk2
檢查,jiǎn chá,inspection; to examine; to inspect,hsk3
檢票,jiǎn piào,to inspect a ticket; to examine a ballot,hsk3
次,cì,"next in sequence; second; the second (day, time etc)",hsk2;tocfl2
歡迎,huān yíng,to welcome; welcome,hsk3;tocfl3
正,zhèng,straight; upright; proper,hsk2
正在,zhèng zài,to be in the process of (doing sth); to be currently -ing,hsk1
歲,suì,"variant of 歲|岁, year; years old; classifier for years (of age)",hsk1;tocfl1
歷史,lì shǐ,history,hsk3;tocfl2
段,duàn,paragraph; section; segment,hsk3
每,měi,each; every,hsk2;tocfl2
比,bǐ,to compare; more {adj.} than {noun}; ratio,hsk2;tocfl2
比如,bǐ rú,for example; for instance; such as,hsk3
比賽,bǐ sài,competition (sports etc); match; to compete,hsk3;tocfl3
比較,bǐ jiào,to compare; to contrast; comparatively,hsk3
毛,máo,hair; feather; down,hsk3
水,shuǐ,water,hsk1;tocfl1
水平,shuǐ píng,horizontal; level; a standard,hsk3
水果,shuǐ guǒ,fruit,hsk1;tocfl3
氷,bīng,ice; to chill sth; (of an object or substance) to feel cold,hsk3
決定,jué dìng,to decide (to do something); to resolve; decision,hsk3;tocfl3
汽車,qì chē,car; automobile; bus,hsk3
沒,méi,(negative prefix for verbs) have not; not,hsk1;tocfl1
沒事,méi shì,it's not important; it's nothing; never mind,hsk1
沒意思,méi yì si,boring; of no interest,hsk2
沒有,méi yǒu,haven't; hasn't; doesn't exist,hsk1
沒關係,méi guān xi,it doesn't matter,hsk1;tocfl2
沙發,shā fā,sofa (loanword),hsk3;tocfl3
河,hé,river; the Yellow River; the Milky Way,hsk3;tocfl2
注意,zhù yì,to take note of; to pay attention to,hsk3;tocfl3
洗,xǐ,to wash; to bathe; to develop (photographs),hsk2
洗手間,xǐ shǒu jiān,toilet; lavatory; washroom,hsk2;tocfl3
洗澡,xǐ zǎo,to bathe; to take a shower,hsk3;tocfl2
洗衣機,xǐ yī jī,washing machine; washer,hsk3
海,hǎi,ocean; sea; great number of people or things,hsk3;tocfl2
海邊,hǎi biān,coast; seaside; seashore,tocfl3
涼快,liáng kuai,pleasantly cool (weather etc); to cool oneself; to cool off,hsk3
清楚,qīng chu,clear; distinct; to understand thoroughly,hsk3
渴,kě,thirsty,hsk3;tocfl3
游泳,yóu yǒng,swimming; to swim,hsk2;tocfl3
湖,hú,lake; 片,tocfl3
湯,tāng,soup,tocfl3
準備,zhǔn bèi,preparation; to prepare; to intend,hsk2;tocfl2
滿意,mǎn yì,satisfied; pleased; to one's satisfaction,hsk3
漂亮,piào liàng,pretty; beautiful,hsk1;tocfl1
漢字,hàn zì,Chinese character(s),hsk1
漢語,hàn yǔ,Chinese language,hsk1
火車,huǒ chē,train,hsk1;tocfl3
為了,wèi le,for; for the purpose of; in order to,hsk3
為什麼,wèi shén me,why?; for what reason?,hsk2;tocfl2
然後,rán hòu,then; after that; afterwards,hsk3
照,zhào,variant of 照; to shine; to illuminate,hsk3
照片,zhào piàn,photograph; picture,hsk3;tocfl2
照相,zhào xiàng,to take a photograph,hsk3;tocfl3
照相機,zhào xiàng jī,camera; 架; 部,tocfl3
照顧,zhào gù,to take care of; to show consideration; to attend to,hsk3
熱,rè,hot,hsk1;tocfl2
熱情,rè qíng,cordial; enthusiastic; passion,hsk3
燈,dēng,lamp; light; lantern,hsk3
爬,pá,to crawl; to climb; to get up or sit up,hsk3
爲,wèi,because of; for; to,hsk3
爸爸,bà ba,father; dad,hsk1;tocfl1
爺爺,yé ye,paternal grandfather; grandpa,hsk2
牀,chuáng,bed; couch; bed,hsk2
牙,yá,tooth; ivory,hsk3
牙刷,yá shuā,toothbrush,hsk3
牛,niú,cow,hsk3
牛奶,niú nǎi,cow's milk,hsk1;tocfl3
牠,tā,it; it (pronoun for an animal),hsk1
特別,tè bié,unusual; special; very,hsk3
狗,gǒu,dog,hsk1;tocfl2
玩,wán,to play,tocfl2
班,bān,team; class; grade,hsk2
班級,bān jí,class (group of students); grade (in school),hsk3
現在,xiàn zài,now; at present; currently,hsk1;tocfl1
球,qiú,ball,hsk2
球場,qiú chǎng,stadium; sports ground; court,hsk3
環境,huán jìng,environment; circumstances; surroundings,hsk3
瓶,píng,bottle; vase; pitcher,tocfl2
瓶子,píng zi,bottle,hsk3
甜,tián,sweet,hsk3;tocfl3
甞,cháng,to taste; to try (food); to experience,hsk3
生日,shēng rì,birthday,hsk2;tocfl2
生氣,shēng qì,to get angry; to be furious; vitality,hsk3
生活,shēng huó,to live; life; livelihood,hsk3;tocfl2
生病,shēng bìng,to fall ill,hsk1;tocfl3
用,yòng,to use; to make use of; to employ,hsk3;tocfl2
男,nán,male,hsk1;tocfl2
男人,nán rén,a man; a male; men,hsk3
男朋友,nán péng you,boyfriend,hsk1
男生,nán shēng,schoolboy; male student; boy,hsk3;tocfl3
留學,liú xué,to study abroad,hsk3
留學生,liú xué shēng,student studying abroad; returned student; foreign student,hsk3
畫,huà,to draw; to paint; picture,hsk2;tocfl2
畫家,huà jiā,painter,hsk3
當然,dāng rán,only natural; as it should be; certainly,hsk3
疼,téng,(it) hurts; sore; to love dearly,hsk2
病,bìng,illness; disease; to fall ill,hsk1
病人,bìng rén,sick person; patient; invalid,hsk3
痛,tòng,ache; pain; sorrow,tocfl3
瘦,shòu,thin; to lose weight; (of clothing) tight,hsk3;tocfl3
發展,fā zhǎn,development; growth; to develop,hsk3
發燒,fā shāo,to have a high temperature (from illness); to have a fever; (fig.) to be fascinated with,hsk3
發現,fā xiàn,to notice; to become aware of; to discover,hsk3
發生,fā shēng,to happen; to occur; to take place,hsk3
白天,bái tiān,daytime; during the day; day,hsk1
白色,bái sè,white; fig. reactionary; anti-communist,hsk2;tocfl3
百,bǎi,hundred; numerous; all kinds of,hsk1;tocfl1
的,de,of; ~'s (possessive particle); also pr. or in poetry and songs,hsk1;tocfl1
的話,de huà,if,hsk3
盤子,pán zi,tray; plate; dish,hsk3;tocfl3
直到,zhí dào,until,hsk3
相信,xiāng xìn,to believe; to be convinced; to accept as true,hsk3
相機,xiàng jī,camera; at the opportune moment; as the circumstances allow,hsk3
看,kàn,to look,hsk1;tocfl1
看來,kàn lái,apparently; it seems that,hsk3
看病,kàn bìng,to visit a doctor; to see a patient,hsk1
看見,kàn jiàn,to see; to catch sight of,hsk1
真,zhēn,really; truly; indeed,hsk1;tocfl1
眼睛,yǎn jīng,eye; 雙|双,hsk2;tocfl2
眼鏡,yǎn jìng,spectacles; eyeglasses,tocfl3
睡,shuì,to sleep; to lie down,hsk1
睡覺,shuì jiào,to go to bed; to sleep,hsk1;tocfl2
瞭,le,(completed action marker),hsk1
瞭解,liǎo jiě,to understand; to realize; to find out,hsk3
知道,zhī dào,to know; to become aware of; also pr,hsk1;tocfl1
短,duǎn,short,hsk3;tocfl3
短褲,duǎn kù,short pants; shorts,hsk3
矮,ǎi,(of a person) short; (of a wall etc) low; (of rank) inferior (to),hsk3;tocfl3
碗,wǎn,variant of 碗; variant of 碗; variant of 碗,hsk3;tocfl3
礦泉水,kuàng quán shuǐ,mineral water,hsk3
票,piào,ticket; ballot; banknote,hsk2;tocfl2
禮物,lǐ wù,gift; present,hsk3;tocfl3
秊,nián,year; grain; harvest (old),hsk1
秋天,qiū tiān,autumn,hsk3;tocfl3
科學,kē xué,science; scientific knowledge; scientific,tocfl3
種,zhǒng,seed; species; kind,hsk3
空調,kōng tiáo,air conditioning; air conditioner,hsk3
穿,chuān,to wear; to put on; to dress,hsk1;tocfl2
突然,tū rán,sudden; abrupt; unexpected,hsk3
站,zhàn,station; to stand; to halt,hsk2;hsk3;tocfl2
笑,xiào,old variant of 笑; to laugh; to smile,hsk2;tocfl2
第,dì,(old) residence of a high official; but; however,hsk1;tocfl1
筆,bǐ,"writing brush; writing implement (pen, pencil etc); brushstroke",hsk2;tocfl1
筆記,bǐ jì,to take down (in writing); notes,hsk3
筆記本,bǐ jì běn,notebook (stationery); (computing) laptop; notebook,hsk3
等,děng,to wait for; to await; by the time,hsk2;tocfl1
筷子,kuài zi,chopsticks,hsk3
箇,gè,individual; variant of 個|个,hsk1
箱子,xiāng zi,suitcase; chest; box,hsk3
節,jié,joint; node; section,hsk3
節日,jié rì,holiday; festival,hsk3
節目,jié mù,(TV or radio) program; show; item,hsk3
簡單,jiǎn dān,simple; not complicated,hsk3
籃球,lán qiú,basketball,hsk2;tocfl3
米,mǐ,rice,hsk3
米飯,mǐ fàn,(cooked) rice,hsk1
紅綠燈,hóng lǜ dēng,traffic light; traffic signal,hsk3
紅色,hóng sè,red (color); revolutionary,hsk2
紅茶,hóng chá,black tea,hsk2
紙,zhǐ,paper,hsk3;tocfl2
累,lèi,to accumulate; to involve or implicate ); continuous,tocfl2
終於,zhōng yú,at last; in the end; finally,hsk3
結婚,jié hūn,to marry; to get married,hsk3;tocfl3
結束,jié shù,termination; to finish; to end,hsk3
給,gěi,to; for; for the benefit of,hsk1;hsk2;tocfl1
經常,jīng cháng,frequently; constantly; regularly,hsk2
經理,jīng lǐ,manager; director,hsk3
經過,jīng guò,to pass; to go through; process,hsk3
綠色,lǜ sè,green,hsk2
綠茶,lǜ chá,green tea; a girl who has these qualities,hsk2
網上,wǎng shang,online,hsk2
網球,wǎng qiú,tennis; tennis ball,hsk3;tocfl3
網站,wǎng zhàn,website,hsk3
緊張,jǐn zhāng,nervous; keyed up; intense,tocfl3
練,liàn,to practice; to train; to drill,hsk3
練習,liàn xí,to practice; exercise; drill,hsk3;tocfl1
總,zǒng,general; overall; to sum up,hsk3
總是,zǒng shì,always,hsk3
繖,sǎn,umbrella; parasol; damask silk,hsk3
纍,lèi,tired; weary; to strain,hsk2
纔,cái,ability; talent; sb of a certain type,hsk3
羊,yáng,sheep,hsk3
美國,měi guó,America,tocfl1
羽毛球,yǔ máo qiú,badminton; shuttlecock,hsk3
習慣,xí guàn,habit; custom; usual practice,hsk3
翫,wán,to play; to have fun; to trifle with,hsk1
老,lǎo,old,hsk3
老人,lǎo rén,old man or woman; the elderly; one's aged parents or grandparents,hsk3
老師,lǎo shī,teacher,hsk1;tocfl1
老闆,lǎo bǎn,Robam (brand); boss; business proprietor,tocfl3
考,kǎo,to beat; to hit; variant of 考,hsk2
考試,kǎo shì,to take an exam; exam,hsk2;tocfl2
而且,ér qiě,(not only ) but also; moreover; in addition,hsk3
耳朵,ěr duo,ear; handle (on a cup),hsk3;tocfl3
耳機,ěr jī,headphones; earphones; telephone receiver,hsk3
聊,liáo,to chat; temporarily; for a while,hsk3
聰明,cōng míng,intelligent; clever; bright,hsk3
聲,shēng,sound; voice; tone,hsk3
聲音,shēng yīn,voice; sound,hsk3
聽,tīng,to listen,hsk1;tocfl1
聽見,tīng jiàn,to hear,hsk1
聽說,tīng shuō,to hear (sth said); one hears (that); hearsay,hsk3
肉,ròu,meat,hsk2;tocfl2
肚子,dù zi,belly; abdomen; stomach,tocfl3
胖,pàng,fat; plump,hsk3;tocfl3
能,néng,can; to be able to; might possibly,hsk1;tocfl1
腳,jiǎo,foot; leg (of an animal or an object); base (of an object),hsk3
腳踏車,jiǎo tà chē,bicycle; bike (Tw),tocfl3
臉,liǎn,face,hsk3
自己,zì jǐ,oneself; one's own,hsk2
自行車,zì xíng chē,bicycle; bike,hsk3
興趣,xìng qù,interest (desire to know about sth); interest; hobby,hsk3
舊,jiù,old; opposite: new 新; former,hsk3
舒服,shū fu,comfortable; feeling well,hsk2;tocfl3
船,chuán,variant of 船; boat; vessel,hsk3
花,huā,flower,tocfl2
花園,huā yuán,garden; (landscaped) park; yard with decorative plants,hsk3
英文,yīng wén,English (language),tocfl2
茶,chá,tea,hsk1;tocfl2
草,cǎo,variant of 草; grass; straw,hsk3
草地,cǎo dì,lawn; meadow; sod,hsk3
菜,cài,vegetable,hsk1;tocfl2
菜單,cài dān,menu,hsk3;tocfl3
華語,huá yǔ,Chinese language,tocfl3
萬,wàn,ten thousand; a great number,hsk2;tocfl3
著,zhe,aspect particle indicating action in progress or ongoing state,hsk2;tocfl2
著急,zháo jí,to worry; to feel anxious; to feel a sense of urgency,hsk3
藉,jiè,to borrow; to lend; to make use of,hsk3
藍,lán,blue,hsk3
藥,yào,leaf of the iris; variant of 藥|药; medicine,hsk2;tocfl2
藥店,yào diàn,pharmacy; drugstore,hsk2
蘋果,píng guǒ,Apple (American tech company),hsk1;tocfl2
蘤,huā,flower; blossom; fancy pattern,hsk2
號,hào,ordinal number; day of a month; mark,hsk1
號碼,hào mǎ,number,hsk3;tocfl2
蛋,dàn,egg; oval-shaped thing; variant of 蜑,tocfl3
蛋糕,dàn gāo,cake,hsk3;tocfl3
行,xíng,to walk; to go; to travel,hsk3
行李,xíng li,luggage,hsk3
街,jiē,street,hsk3;tocfl3
衛生間,wèi shēng jiān,bathroom; toilet; WC,hsk3
衣服,yī fu,clothes,hsk1;tocfl2
表演,biǎo yǎn,play; show; performance,hsk3;tocfl3
被,bèi,quilt; to cover (with); to suffer (a misfortune),hsk3
裙子,qún zi,skirt,hsk3;tocfl3
裡面,lǐ miàn,variant of 裡面|里面[li3 mian4]; inside; interior,hsk2;tocfl3
複習,fù xí,to review; revision; variant of 復習|复习[fu4 xi2],hsk3
褲子,kù zi,"variant of 褲子|裤子, trousers; pants; trousers",hsk2;tocfl2
襪子,wà zi,socks; stockings; 對|对,tocfl3
襯衫,chèn shān,shirt; blouse,hsk3
西,xī,west,hsk3
西北,xī běi,Northwest China,hsk3
西南,xī nán,southwest,hsk3
西方,xī fāng,the West; the Occident; Western countries,hsk3
西瓜,xī guā,watermelon,hsk3
要,yào,to want,hsk1;tocfl2
要求,yāo qiú,to request; to require; requirement,hsk3
見,jiàn,to see; to meet; to appear (to be sth),hsk1
見面,jiàn miàn,to meet; to see each other,hsk3
覺得,jué de,to think that; to feel that; to feel (uncomfortable etc),hsk1;tocfl1
角,jiǎo,angle; corner; horn,hsk3
解決,jiě jué,to solve; to resolve; to settle (a problem),hsk3
計程車,jì chéng chē,taxi; cab (Tw),tocfl3
記,jì,to record; to note; to memorize,hsk3
記得,jì de,to remember,hsk2;tocfl3
詞,cí,old variant of 詞|词; word; statement,hsk2
詞典,cí diǎn,dictionary; also written 辭典|辞典[ci2 dian3],hsk3
試,shì,to test; to try; experiment,hsk3
該,gāi,should; ought to; probably,hsk3
認得,rèn de,to recognize; to remember sth (or sb) on seeing it; to know,hsk3
認為,rèn wéi,to believe; to think; to consider,hsk3
認真,rèn zhēn,conscientious; earnest; serious,hsk3
認識,rèn shi,to know; to recognize; to be familiar with,hsk1;tocfl2
語言,yǔ yán,language,hsk3;tocfl3
說,shuō,to speak,tocfl1
說話,shuō huà,to speak; to say; to talk,hsk1;tocfl2
説,shuō,to speak; to talk; to say,hsk1
誰,shéi,who; also pr,hsk1;tocfl1
課,kè,lesson,hsk1
課文,kè wén,text,hsk3
課本,kè běn,textbook,hsk3;tocfl3
請,qǐng,please,hsk1
請假,qǐng jià,to request leave of absence,hsk3;tocfl3
請問,qǐng wèn,"Excuse me, may I ask?",hsk1;tocfl1
請客,qǐng kè,to give a dinner party; to entertain guests; to invite to dinner,hsk3
謌,gē,song; to sing; variant of 歌,hsk1
講,jiǎng,to speak; to explain; to negotiate,hsk3
謝謝,xiè xie,to thank; thanks; thank you,hsk1;tocfl1
警察,jǐng chá,police; police officer,tocfl3
護士,hù shì,nurse,tocfl3
護照,hù zhào,passport,hsk3
讀,dú,to read out; to read aloud; to read,hsk1;tocfl2
讀書,dú shū,to read a book; to study; to attend school,hsk1;tocfl3
變,biàn,to change; to become different; to transform,hsk3
變化,biàn huà,(intransitive) to change; to vary; change,hsk3
變成,biàn chéng,to change into; to turn into; to become,hsk3
讓,ràng,to yield; to permit; to let sb do sth,hsk2
貓,māo,cat,hsk1;tocfl3
貴,guì,expensive; highly valued; precious,hsk1;tocfl1
買,mǎi,to buy,hsk1;tocfl1
賓館,bīn guǎn,guesthouse; lodge; hotel,hsk3
賣,mài,to sell,hsk1;tocfl2
贏,yíng,to beat; to win; to profit,tocfl3
走,zǒu,to walk,hsk2;tocfl1
走路,zǒu lù,to walk; to go on foot; to leave,hsk2;tocfl2
起,qǐ,to rise; to raise; to get up,hsk3
起來,qǐ lái,to stand up; to get up; also pr,hsk2
起床,qǐ chuáng,to get out of bed; to get up,hsk1;tocfl2
起飛,qǐ fēi,(of an aircraft or rocket) to take off; to lift off,hsk3
超市,chāo shì,supermarket,hsk1
越,yuè,to exceed; to climb over; to surpass,hsk3
足球,zú qiú,soccer; football; a soccer ball,hsk2;tocfl3
跑,pǎo,to run,hsk2;tocfl2
跑步,pǎo bù,to run; to jog; (military) to march at the double,hsk2;tocfl3
跟,gēn,heel; to follow closely; to go with,hsk2;tocfl2
路,lù,road,hsk2;tocfl2
路上,lù shang,on the road; on the way; en route,hsk2
路口,lù kǒu,crossing; intersection (of roads),hsk3
路邊,lù biān,curb; roadside; wayside,hsk3
跳,tiào,to jump; to hop; to skip over,hsk3
跳舞,tiào wǔ,to dance,hsk2
踢,tī,to kick; to play (e.g. soccer); (slang) butch (in a lesbian relationship),hsk2;tocfl3
身邊,shēn biān,at one's side; on hand,hsk3
身體,shēn tǐ,the body; one's health,hsk2;tocfl2
身高,shēn gāo,(a person's) height,hsk3
車,chē,car,hsk1
車站,chē zhàn,rail station; bus stop,hsk2;tocfl3
輛,liàng,classifier for vehicles,hsk3
輸,shū,to lose; to transport; to donate,tocfl3
辦,bàn,"to take care of (a matter); to deal with (a task, procedure etc); to organize (an event)",hsk3
辦公室,bàn gōng shì,office; business premises,hsk3;tocfl3
辦法,bàn fǎ,way of handling sth; means; measure,hsk3
近,jìn,near; close to; approximately,hsk2
送,sòng,to send; to deliver; to transmit,hsk2;tocfl2
這,zhè,(pronoun) this; these; this,hsk1;tocfl1
這些,zhè xiē,these,hsk1
這個,zhè ge,(pronoun) this; (adjective) this,hsk1
這樣,zhè yàng,this kind of; so; this way,hsk2
這裡,zhè lǐ,variant of 這裡|这里[zhe4 li3]; here,hsk1;tocfl2
這邊,zhè biān,this side; here,hsk1
這麽,zhè me,so much; this much; how much?,hsk2
逥,huí,to circle; to go back; to turn around,hsk1;hsk3
週,zhōu,to make a circuit; to circle; circle,hsk2
週末,zhōu mò,weekend,hsk3;tocfl2
進,jìn,to go forward; to advance; to go in,hsk2
進來,jìn lái,to come in,hsk2;tocfl2
進去,jìn qù,to go in,hsk2
遇到,yù dào,to meet; to run into; to come across,hsk3
遇見,yù jiàn,to meet,hsk3
遊,yóu,to swim; variant of 遊|游; to walk,hsk2
遊客,yóu kè,traveler; tourist; (online gaming) guest player,hsk3
遊戲,yóu xì,game; to play,hsk3
運動,yùn dòng,to move; to exercise; sports,hsk2;tocfl2
運動員,yùn dòng yuán,athlete,hsk3
運動會,yùn dòng huì,sports competition,hsk3
遍,biàn,variant of 遍; everywhere; all over,hsk3
過,guò,to cross; to go over; to pass (time),hsk2;tocfl1
過來,guò lái,to come over; to manage; to handle,hsk2
過去,guò qù,(in the) past; former; previous,hsk2;hsk3
過年,guò nián,to celebrate the Chinese New Year,hsk2
過節,guò jié,to celebrate a festival; after the celebrations,hsk3
遠,yuǎn,far,hsk2;tocfl2
遲到,chí dào,to arrive late,hsk3
選,xuǎn,to choose; to pick; to select,hsk3
選擇,xuǎn zé,to select; to pick; choice,hsk3
還,huán,to pay back; to return,hsk3
還,hái,still; still in progress; still more,hsk1
還是,hái shì,or; still; nevertheless,hsk2;tocfl1
邊,biān,side; edge; margin,hsk1
那,nà,(specifier) that; the; those (colloquial pr. ),hsk1;hsk2;tocfl1
那些,nà xiē,those,hsk1
那個,nà ge,that one; that thing; that (as opposed to this),hsk1
那樣,nà yàng,that kind; that sort,hsk2
那裡,nà lǐ,there; that place; there,hsk1;tocfl2
那邊,nà biān,over there; yonder,hsk1
那麽,nà me,like that; in that way; to that extent,hsk2
郵件,yóu jiàn,mail; post; email,hsk3
郵局,yóu jú,post office; 個|个,tocfl3
郵箱,yóu xiāng,mailbox; post office box; email,hsk3
都,dōu,all; both; entirely,hsk1;tocfl1
鄰居,lín jū,neighbor,hsk3
酒,jiǔ,wine (esp. rice wine); liquor; spirits,hsk3;tocfl2
酒店,jiǔ diàn,wine shop; pub (public house); hotel,hsk2
醫生,yī shēng,doctor,hsk1;tocfl2
醫院,yī yuàn,hospital,hsk1;tocfl2
里,lǐ,variant of 裡|里; lining; interior,hsk1
重要,zhòng yào,important; significant; major,hsk3;tocfl3
鉛筆,qiān bǐ,(lead) pencil,hsk3
銀行,yín háng,bank,hsk3;tocfl3
銀行卡,yín háng kǎ,bank card,hsk3
錢,qián,money,hsk1;tocfl1
錯,cuò,mistake; wrong; bad,hsk2
鍛鍊,duàn liàn,to toughen; to temper; to engage in physical exercise,hsk3
長,cháng,long,hsk2;hsk3;tocfl2
門,mén,door,hsk2;tocfl2
門口,mén kǒu,doorway; gate,hsk2
門票,mén piào,"ticket (for theater, cinema etc)",hsk2
開,kāi,to open,hsk1
開始,kāi shǐ,to begin; beginning; to start,hsk2;tocfl2
開學,kāi xué,(of a student) to start school; (of a semester) to begin; (old) to found a school,hsk2
開心,kāi xīn,to feel happy; to rejoice; to have a great time,hsk3
開會,kāi huì,to hold a meeting; to attend a meeting,hsk3
開機,kāi jī,to start an engine; to boot up (a computer); to press Ctrl-Alt-Delete,hsk3
開花,kāi huā,to bloom; to blossom; to flower,hsk3
開車,kāi chē,to drive a car (or train etc); (slang) to post sexual content online; to make a sexual joke,hsk1;tocfl1
間,jiān,between; among; within a definite time or space,hsk2
關,guān,mountain pass; to close; to shut,hsk3
關心,guān xīn,to be concerned about; to care about,hsk3
關於,guān yú,pertaining to; concerning; with regard to,hsk3
關機,guān jī,to turn off (a machine or device); to finish shooting a film,hsk3
關注,guān zhù,to pay attention to; to follow sth closely; to follow (on social media),hsk3
關系,guān xì,relation; relationship; to concern,hsk3
阿姨,ā yí,maternal aunt; step-mother; childcare worker,hsk3
附近,fù jìn,nearby; neighboring; (in the) vicinity (of),hsk3;tocfl2
除了,chú le,apart from; besides; in addition to,hsk3
隂,yīn,overcast (weather); cloudy; shady,hsk2
隻,zhī,variant of 隻|只; grain that has begun to ripen,hsk1
隻,zhǐ,only; merely; just,hsk3
雖然,suī rán,although; even though,hsk2
雙,shuāng,variant of 雙|双; two; double,hsk3;tocfl2
雞,jī,fowl; chicken; (slang) prostitute,tocfl3
雞蛋,jī dàn,(chicken) egg; hen's egg,hsk1
離,lí,to leave; to part from; to be away from,hsk2;tocfl2
離開,lí kāi,to depart; to leave,hsk3
難,nán,difficult,hsk3;tocfl1
難看,nán kàn,ugly; unsightly,hsk3
難聽,nán tīng,unpleasant to hear; coarse; vulgar,hsk3
難過,nán guò,to feel sad; to feel unwell; (of life) to be difficult,hsk3
難題,nán tí,difficult problem,hsk3
雨,yǔ,rain,hsk1
雨衣,yǔ yī,raincoat,hsk3
雪,xuě,snow; to wipe away (a humiliation etc),hsk1
零,líng,zero; nought; zero sign,hsk1;tocfl1
電,diàn,electricity,hsk3
電子書,diàn zǐ shū,electronic book; e-book; e-book reader,hsk3
電子郵件,diàn zǐ yóu jiàn,email; 份,tocfl3
電影,diàn yǐng,movie; film,hsk1;tocfl1
電影院,diàn yǐng yuàn,cinema; movie theater,hsk1;tocfl3
電梯,diàn tī,elevator; escalator,hsk3;tocfl3
電腦,diàn nǎo,computer,hsk1;tocfl1
電視,diàn shì,television; TV,hsk1;tocfl1
電話,diàn huà,telephone; phone call; phone number,hsk1;tocfl1
需要,xū yào,to need; to want; to demand,hsk3
非常,fēi cháng,very; really; unusual,hsk1;tocfl2
面前,miàn qián,in front of; facing; (in the) presence (of),hsk3
鞋子,xié zi,shoe,tocfl2
鞵,xié,shoe; variant of 鞋,hsk3
韆,qiān,thousand; used in 鞦韆|秋千[qiu1 qian1],hsk1
音樂,yīn yuè,music,hsk3;tocfl2
頁,yè,page; leaf,hsk3
頭,tóu,head,hsk2;hsk3;tocfl3
頭髮,tóu fǎ,hair (on the head),hsk3;tocfl3
題,tí,topic; problem for discussion; exam question,hsk2
顏色,yán sè,color; countenance; appearance,hsk2;tocfl3
願意,yuàn yì,to wish; to want; ready,hsk3
風,fēng,wind; news; style,hsk3;tocfl2
風景,fēng jǐng,scenery; landscape,tocfl3
颳,guā,to scrape; to blow; to shave,hsk3
飛,fēi,to fly,hsk2
飛機,fēi jī,airplane,hsk1;tocfl3
飛機場,fēi jī chǎng,airport; (slang) flat chest,tocfl3
食物,shí wù,food,tocfl3
飯,fàn,"rice, meal",hsk1;tocfl1
飯店,fàn diàn,restaurant; hotel,hsk1;tocfl3
飯館,fàn guǎn,restaurant,hsk2
飲料,yǐn liào,drink; beverage,hsk3;tocfl3
飽,bǎo,to eat till full; satisfied,hsk3
餃子,jiǎo zi,dumpling; pot-sticker,hsk1;tocfl3
養,yǎng,to raise (animals); to bring up (children); to keep (pets),hsk3
餐廳,cān tīng,dining hall; dining room; restaurant,tocfl2
餓,è,hungry; to starve (sb),hsk3;tocfl3
餵,wèi,"hey; to feed (an animal, baby, invalid etc); variant of 餵|喂",hsk1
餹,táng,sugar; sweets; candy,hsk3
香蕉,xiāng jiāo,banana,hsk3;tocfl3
馬,mǎ,horse,hsk3;tocfl3
馬上,mǎ shàng,at once; right away; immediately,hsk3
馬路,mǎ lù,street; road,hsk3;tocfl3
騎,qí,"to sit astride; to ride (a horse, bike etc); classifier for saddle horses",hsk3;tocfl3
骽,tuǐ,leg; hip bone; old variant of 腿,hsk3
髒,zāng,dirty; filthy; to get (sth) dirty,hsk3
體育,tǐ yù,sports; physical education,hsk3
體育館,tǐ yù guǎn,gym; gymnasium; stadium,hsk3
高,gāo,tall,hsk2
高中,gāo zhōng,senior high school; abbr. for 高級中學|高级中学[gao1 ji2 zhong1 xue2],hsk2
高興,gāo xìng,happy; glad; willing (to do sth),hsk1;tocfl1
高鐵,gāo tiě,high speed rail,hsk3
髮,fā,to send out; to show (one's feeling); to issue,hsk3
魚,yú,fish,hsk2;tocfl2
鳥,niǎo,bird; to pay attention to; (intensifier) damned,hsk2;tocfl3
鷄,jī,fowl; chicken; (slang) prostitute,hsk3
麵,miàn,noodles,hsk2;tocfl3
麵包,miàn bāo,bread,hsk1;tocfl3
黃色,huáng sè,yellow; vulgar; lewd,hsk3;tocfl3
黑板,hēi bǎn,blackboard,hsk3;tocfl3
黑色,hēi sè,black,hsk2
點,diǎn,to touch briefly; to tap; to mark with a dot,hsk1;hsk2;hsk3;tocfl1
點鐘,diǎn zhōng,(indicating time of day) o'clock,tocfl3
齣,chū,to go out; to come out; to arise,hsk2
龢,hé,old variant of 和; (joining two nouns) and; together with,hsk1
